id,by,author,time,time_ts,text,parent,deleted,dead,ranking
9734136,,,1434565400,2015-06-17 18:23:20.000000 UTC,,9733698,true,,0
4921158,,,1355496966,2012-12-14 14:56:06.000000 UTC,,4921100,true,,0
7500568,,,1396261158,2014-03-31 10:19:18.000000 UTC,,7499385,true,,0
8909635,,,1421627275,2015-01-19 00:27:55.000000 UTC,,8901135,true,,0
9256463,,,1427204705,2015-03-24 13:45:05.000000 UTC,,9256346,true,,0
6158185,,,1375671544,2013-08-05 02:59:04.000000 UTC,,6158065,true,,0
4731966,,,1351852339,2012-11-02 10:32:19.000000 UTC,,4731908,true,,0
6181867,,,1375995581,2013-08-08 20:59:41.000000 UTC,,6181621,true,,0
6639584,,,1383108931,2013-10-30 04:55:31.000000 UTC,,6638793,true,,0
2183690,,,1296931832,2011-02-05 18:50:32.000000 UTC,,2183581,true,,0
7026016,,,1389210405,2014-01-08 19:46:45.000000 UTC,,7024688,true,,0
1415860,,,1276047932,2010-06-09 01:45:32.000000 UTC,,1415706,true,,0
6080223,,,1374438779,2013-07-21 20:32:59.000000 UTC,,6080221,true,,0
7242274,,,1392429115,2014-02-15 01:51:55.000000 UTC,,7242206,true,,0
6099618,,,1374705885,2013-07-24 22:44:45.000000 UTC,,6098714,true,,0
6446570,,,1380135688,2013-09-25 19:01:28.000000 UTC,,6446051,true,,0
1077503,,,1264504941,2010-01-26 11:22:21.000000 UTC,,1077497,true,,0
4400317,,,1345267162,2012-08-18 05:19:22.000000 UTC,,4400302,true,,0
5660556,,,1367805062,2013-05-06 01:51:02.000000 UTC,,5660550,true,,0
7284345,,,1393115021,2014-02-23 00:23:41.000000 UTC,,7283238,true,,0
10199732,,,1441910047,2015-09-10 18:34:07.000000 UTC,,10198808,true,,0
7737862,,,1399985640,2014-05-13 12:54:00.000000 UTC,,7735560,true,,0
2357371,,,1300841651,2011-03-23 00:54:11.000000 UTC,,2357213,true,,0
3065114,,,1317617941,2011-10-03 04:59:01.000000 UTC,,3064388,true,,0
7098961,,,1390342729,2014-01-21 22:18:49.000000 UTC,,7098702,true,,0
4108631,,,1339623863,2012-06-13 21:44:23.000000 UTC,,4108528,true,,0
662342,,,1245267536,2009-06-17 19:38:56.000000 UTC,,662283,true,,0
3547002,,,1328275971,2012-02-03 13:32:51.000000 UTC,,3546988,true,,0
1108741,,,1265596570,2010-02-08 02:36:10.000000 UTC,,1108739,true,,0
3709941,,,1331837530,2012-03-15 18:52:10.000000 UTC,,3709551,true,,0
4444262,,,1346168656,2012-08-28 15:44:16.000000 UTC,,4443194,true,true,0
8096784,,,1406556852,2014-07-28 14:14:12.000000 UTC,,8096339,true,true,0
2266777,,,1298762015,2011-02-26 23:13:35.000000 UTC,,2266762,true,,0
3401240,,,1325104400,2011-12-28 20:33:20.000000 UTC,,3401227,true,,0
4732423,,,1351861558,2012-11-02 13:05:58.000000 UTC,,4732378,true,,0
7446361,,,1395450264,2014-03-22 01:04:24.000000 UTC,,7446249,true,,0
9310848,,,1427984650,2015-04-02 14:24:10.000000 UTC,,9310829,true,,0
3161351,,,1319681903,2011-10-27 02:18:23.000000 UTC,,3161283,true,,0
7483442,,,1395953961,2014-03-27 20:59:21.000000 UTC,,7480450,true,,0
2565368,,,1305838529,2011-05-19 20:55:29.000000 UTC,,2564734,true,,0
8566143,,,1415259982,2014-11-06 07:46:22.000000 UTC,,8566104,true,,0
6485751,,,1380751779,2013-10-02 22:09:39.000000 UTC,,6485406,true,,0
9027311,,,1423579088,2015-02-10 14:38:08.000000 UTC,,9026901,true,,0
5328254,,,1362526871,2013-03-05 23:41:11.000000 UTC,,5327120,true,,0
7668345,,,1398791142,2014-04-29 17:05:42.000000 UTC,,7668256,true,,0
8684144,,,1417471035,2014-12-01 21:57:15.000000 UTC,,8684112,true,,0
5272609,,,1361675524,2013-02-24 03:12:04.000000 UTC,,5272595,true,,0
7448729,,,1395490032,2014-03-22 12:07:12.000000 UTC,,7448646,true,,0
251757,,,1216595806,2008-07-20 23:16:46.000000 UTC,,251426,true,,0
642519,,,1244163848,2009-06-05 01:04:08.000000 UTC,,642435,true,,0
1198072,,,1268811239,2010-03-17 07:33:59.000000 UTC,,1197964,true,,0
7838814,,,1401785823,2014-06-03 08:57:03.000000 UTC,,7838123,true,,0
8701204,,,1417722108,2014-12-04 19:41:48.000000 UTC,,8701074,true,,0
2767272,,,1310736511,2011-07-15 13:28:31.000000 UTC,,2767186,true,,0
6628192,,,1382980250,2013-10-28 17:10:50.000000 UTC,,6627139,true,,0
4039191,,,1338318983,2012-05-29 19:16:23.000000 UTC,,4038679,true,,0
4545329,,,1348085387,2012-09-19 20:09:47.000000 UTC,,4545291,true,,0
1128694,,,1266319561,2010-02-16 11:26:01.000000 UTC,,1128323,true,,0
6992614,,,1388521248,2013-12-31 20:20:48.000000 UTC,,6991032,true,,0
9127740,,,1425228494,2015-03-01 16:48:14.000000 UTC,,9127494,true,,0
4955010,,,1356131407,2012-12-21 23:10:07.000000 UTC,,4954586,true,,0
6539248,,,1381595358,2013-10-12 16:29:18.000000 UTC,,6538922,true,,0
5008537,,,1357319384,2013-01-04 17:09:44.000000 UTC,,5008535,true,,0
2283176,,,1299136322,2011-03-03 07:12:02.000000 UTC,,2282834,true,,0
9046118,,,1423852393,2015-02-13 18:33:13.000000 UTC,,9046074,true,,0
7563963,,,1397099618,2014-04-10 03:13:38.000000 UTC,,7561081,true,,0
5321947,,,1362442075,2013-03-05 00:07:55.000000 UTC,,5321853,true,,0
4707275,,,1351372778,2012-10-27 21:19:38.000000 UTC,,4705328,true,,0
6550705,,,1381798163,2013-10-15 00:49:23.000000 UTC,,6550610,true,,0
6910848,,,1387141397,2013-12-15 21:03:17.000000 UTC,,6910770,true,,0
3007412,,,1316240911,2011-09-17 06:28:31.000000 UTC,,3006951,true,,0
7706847,,,1399407647,2014-05-06 20:20:47.000000 UTC,,7706796,true,,0
4259319,,,1342584911,2012-07-18 04:15:11.000000 UTC,,4258234,true,,0
63785,,,1191617832,2007-10-05 20:57:12.000000 UTC,,63738,true,,0
4573939,,,1348626802,2012-09-26 02:33:22.000000 UTC,,4573171,true,,0
9688756,,,1433886642,2015-06-09 21:50:42.000000 UTC,,9688017,true,,0
2697154,,,1309052938,2011-06-26 01:48:58.000000 UTC,,2697061,true,,0
916916,,,1257174884,2009-11-02 15:14:44.000000 UTC,,916910,true,,0
7464314,,,1395730607,2014-03-25 06:56:47.000000 UTC,,7464264,true,,0
5065117,,,1358307968,2013-01-16 03:46:08.000000 UTC,,5065037,true,,0
6816192,,,1385669457,2013-11-28 20:10:57.000000 UTC,,6816150,true,,0
1127487,,,1266267771,2010-02-15 21:02:51.000000 UTC,,1127379,true,,0
4021308,,,1337905888,2012-05-25 00:31:28.000000 UTC,,4011640,true,,0
6123135,,,1375124568,2013-07-29 19:02:48.000000 UTC,,6123051,true,,0
6946214,,,1387615943,2013-12-21 08:52:23.000000 UTC,,6945973,true,,0
9391374,,,1429227092,2015-04-16 23:31:32.000000 UTC,,9384093,true,,0
3684038,,,1331301611,2012-03-09 14:00:11.000000 UTC,,3683766,true,,0
8641217,,,1416577786,2014-11-21 13:49:46.000000 UTC,,8640717,true,,0
2833490,,,1312221220,2011-08-01 17:53:40.000000 UTC,,2833485,true,,0
701902,,,1247499502,2009-07-13 15:38:22.000000 UTC,,700360,true,,0
8429956,,,1412810363,2014-10-08 23:19:23.000000 UTC,,8429922,true,,0
1948786,,,1290988501,2010-11-28 23:55:01.000000 UTC,,1948778,true,,0
6981987,,,1388359206,2013-12-29 23:20:06.000000 UTC,,6981952,true,,0
2264297,,,1298678077,2011-02-25 23:54:37.000000 UTC,,2264282,true,,0
2268659,,,1298835190,2011-02-27 19:33:10.000000 UTC,,2268640,true,,0
7974682,,,1404266112,2014-07-02 01:55:12.000000 UTC,,7974296,true,,0
4976364,,,1356667166,2012-12-28 03:59:26.000000 UTC,,4975845,true,,0
1344935,,,1273772239,2010-05-13 17:37:19.000000 UTC,,1344793,true,,0
2512180,,,1304466664,2011-05-03 23:51:04.000000 UTC,,2511803,true,,0
8480527,,,1413773658,2014-10-20 02:54:18.000000 UTC,,8480460,true,,0
2631927,,,1307504010,2011-06-08 03:33:30.000000 UTC,,2631524,true,,0
6088324,,,1374555612,2013-07-23 05:00:12.000000 UTC,,6088299,true,,0
1295990,,,1272315199,2010-04-26 20:53:19.000000 UTC,,1295898,true,,0
9509306,,,1431044516,2015-05-08 00:21:56.000000 UTC,,9505156,true,,0
1795466,,,1287164747,2010-10-15 17:45:47.000000 UTC,,1794442,true,,0
2074894,,,1294312692,2011-01-06 11:18:12.000000 UTC,,2073928,true,,0
1610287,,,1282019989,2010-08-17 04:39:49.000000 UTC,,1610272,true,,0
4376960,,,1344878736,2012-08-13 17:25:36.000000 UTC,,4376467,true,,0
8699216,,,1417701714,2014-12-04 14:01:54.000000 UTC,,8699180,true,,0
3370060,,,1324311575,2011-12-19 16:19:35.000000 UTC,,3370011,true,,0
8388011,,,1412083807,2014-09-30 13:30:07.000000 UTC,,8387824,true,true,0
934770,,,1257921692,2009-11-11 06:41:32.000000 UTC,,934763,true,true,0
4631026,,,1349784085,2012-10-09 12:01:25.000000 UTC,,4631019,true,,0
10008339,,,1438758030,2015-08-05 07:00:30.000000 UTC,,10008331,true,,0
9938959,,,1437691472,2015-07-23 22:44:32.000000 UTC,,9935228,true,,0
9808185,,,1435695778,2015-06-30 20:22:58.000000 UTC,,9807760,true,,0
4677336,,,1350748304,2012-10-20 15:51:44.000000 UTC,,4677330,true,,0
3363692,,,1324105764,2011-12-17 07:09:24.000000 UTC,,3363572,true,,0
651658,,,1244663631,2009-06-10 19:53:51.000000 UTC,,651621,true,,0
4065339,,,1338836696,2012-06-04 19:04:56.000000 UTC,,4065249,true,,0
7575277,,,1397247070,2014-04-11 20:11:10.000000 UTC,,7575073,true,,0
7596926,,,1397643551,2014-04-16 10:19:11.000000 UTC,,7594593,true,,0
4614641,,,1349388294,2012-10-04 22:04:54.000000 UTC,,4614635,true,,0
8736536,,,1418325209,2014-12-11 19:13:29.000000 UTC,,8736484,true,,0
881438,,,1255533067,2009-10-14 15:11:07.000000 UTC,,881350,true,,0
190951,,,1210885372,2008-05-15 21:02:52.000000 UTC,,190938,true,,0
8616565,,,1416191486,2014-11-17 02:31:26.000000 UTC,,8615948,true,,0
276956,,,1218806336,2008-08-15 13:18:56.000000 UTC,,276525,true,,0
1167142,,,1267717250,2010-03-04 15:40:50.000000 UTC,,1167104,true,,0
9048973,,,1423897420,2015-02-14 07:03:40.000000 UTC,,9048704,true,,0
2793896,,,1311348442,2011-07-22 15:27:22.000000 UTC,,2793469,true,,0
9662755,,,1433458715,2015-06-04 22:58:35.000000 UTC,,9662208,true,,0
4633642,,,1349812960,2012-10-09 20:02:40.000000 UTC,,4627912,true,,0
2038308,,,1293237182,2010-12-25 00:33:02.000000 UTC,,2038163,true,,0
2237873,,,1298074933,2011-02-19 00:22:13.000000 UTC,,2237847,true,,0
4786478,,,1352940624,2012-11-15 00:50:24.000000 UTC,,4784146,true,,0
3970977,,,1337002425,2012-05-14 13:33:45.000000 UTC,,3970932,true,,0
8495510,,,1414015790,2014-10-22 22:09:50.000000 UTC,,8494796,true,,0
1675236,,,1284038326,2010-09-09 13:18:46.000000 UTC,,1670558,true,,0
37592,,,1185781650,2007-07-30 07:47:30.000000 UTC,,37519,true,,0
6495170,,,1380893089,2013-10-04 13:24:49.000000 UTC,,6494110,true,,0
6298587,,,1377810091,2013-08-29 21:01:31.000000 UTC,,6297995,true,,0
8633770,,,1416444521,2014-11-20 00:48:41.000000 UTC,,8633656,true,,0
10188934,,,1441757547,2015-09-09 00:12:27.000000 UTC,,10188759,true,,0
6163470,,,1375740492,2013-08-05 22:08:12.000000 UTC,,6163422,true,,0
2869303,,,1312998110,2011-08-10 17:41:50.000000 UTC,,2868200,true,,0
1593287,,,1281483734,2010-08-10 23:42:14.000000 UTC,,1592556,true,,0
972792,,,1259784699,2009-12-02 20:11:39.000000 UTC,,972675,true,,0
9693629,,,1433955617,2015-06-10 17:00:17.000000 UTC,,9693606,true,,0
2085937,,,1294596644,2011-01-09 18:10:44.000000 UTC,,2085911,true,,0
970628,,,1259698301,2009-12-01 20:11:41.000000 UTC,,970589,true,,0
4282069,,,1343064713,2012-07-23 17:31:53.000000 UTC,,4281659,true,,0
2726959,,,1309797393,2011-07-04 16:36:33.000000 UTC,,2725735,true,,0
3184829,,,1320194159,2011-11-02 00:35:59.000000 UTC,,3184606,true,,0
245591,,,1216024978,2008-07-14 08:42:58.000000 UTC,,245590,true,,0
1434378,,,1276650192,2010-06-16 01:03:12.000000 UTC,,1434212,true,,0
3824949,,,1334099182,2012-04-10 23:06:22.000000 UTC,,3824584,true,,0
9969884,,,1438188677,2015-07-29 16:51:17.000000 UTC,,9969606,true,,0
2627183,,,1307402636,2011-06-06 23:23:56.000000 UTC,,2627169,true,,0
9969693,,,1438187006,2015-07-29 16:23:26.000000 UTC,,9969003,true,,0
8189956,,,1408298591,2014-08-17 18:03:11.000000 UTC,,8189650,true,,0
5857183,,,1370900128,2013-06-10 21:35:28.000000 UTC,,5853022,true,,0
3275194,,,1322162923,2011-11-24 19:28:43.000000 UTC,,3273738,true,,0
6876933,,,1386622845,2013-12-09 21:00:45.000000 UTC,,6876609,true,,0
80665,,,1195226774,2007-11-16 15:26:14.000000 UTC,,80660,true,,0
5843904,,,1370668106,2013-06-08 05:08:26.000000 UTC,,5843581,true,,0
6965032,,,1388024533,2013-12-26 02:22:13.000000 UTC,,6963839,true,,0
3519958,,,1327695593,2012-01-27 20:19:53.000000 UTC,,3519653,true,,0
1398182,,,1275492181,2010-06-02 15:23:01.000000 UTC,,1398119,true,,0
8336190,,,1411058797,2014-09-18 16:46:37.000000 UTC,,8336171,true,,0
8308187,,,1410532369,2014-09-12 14:32:49.000000 UTC,,8308153,true,,0
8006891,,,1404856003,2014-07-08 21:46:43.000000 UTC,,8006882,true,,0
5745206,,,1369157229,2013-05-21 17:27:09.000000 UTC,,5744206,true,,0
7388459,,,1394659034,2014-03-12 21:17:14.000000 UTC,,7387044,true,,0
9484578,,,1430719741,2015-05-04 06:09:01.000000 UTC,,9483917,true,,0
6870595,,,1386526877,2013-12-08 18:21:17.000000 UTC,,6869519,true,,0
2538927,,,1305157854,2011-05-11 23:50:54.000000 UTC,,2538853,true,,0
7644259,,,1398390021,2014-04-25 01:40:21.000000 UTC,,7643227,true,,0
5177308,,,1360168704,2013-02-06 16:38:24.000000 UTC,,5176988,true,,0
6291233,,,1377709491,2013-08-28 17:04:51.000000 UTC,,6291176,true,,0
10246911,,,1442736741,2015-09-20 08:12:21.000000 UTC,,10246205,true,,0
9765994,,,1435079220,2015-06-23 17:07:00.000000 UTC,,9765970,true,,0
6099820,,,1374707754,2013-07-24 23:15:54.000000 UTC,,6099028,true,,0
450214,,,1232963212,2009-01-26 09:46:52.000000 UTC,,450210,true,,0
4494353,,,1347146283,2012-09-08 23:18:03.000000 UTC,,4493549,true,,0
2364423,,,1300980003,2011-03-24 15:20:03.000000 UTC,,2363734,true,,0
7423320,,,1395162994,2014-03-18 17:16:34.000000 UTC,,7423153,true,,0
6021944,,,1373482114,2013-07-10 18:48:34.000000 UTC,,6021852,true,,0
5827261,,,1370454168,2013-06-05 17:42:48.000000 UTC,,5826457,true,,0
3776026,,,1333117121,2012-03-30 14:18:41.000000 UTC,,3775753,true,,0
9524648,,,1431352061,2015-05-11 13:47:41.000000 UTC,,9524469,true,,0
1837214,,,1288152614,2010-10-27 04:10:14.000000 UTC,,1834144,true,,0
4264608,,,1342676195,2012-07-19 05:36:35.000000 UTC,,4264566,true,,0
2467708,,,1303323375,2011-04-20 18:16:15.000000 UTC,,2467700,true,,0
3509056,,,1327483793,2012-01-25 09:29:53.000000 UTC,,3509042,true,,0
10120203,,,1440546500,2015-08-25 23:48:20.000000 UTC,,10116817,true,,0
6862447,,,1386352741,2013-12-06 17:59:01.000000 UTC,,6861578,true,,0
4362408,,,1344536405,2012-08-09 18:20:05.000000 UTC,,4362375,true,,0
6387084,,,1379193105,2013-09-14 21:11:45.000000 UTC,,6386962,true,,0
4206055,,,1341541030,2012-07-06 02:17:10.000000 UTC,,4205753,true,,0
9558842,,,1431840389,2015-05-17 05:26:29.000000 UTC,,9558835,true,,0
2279140,,,1299063244,2011-03-02 10:54:04.000000 UTC,,2278944,true,,0
778988,,,1250914315,2009-08-22 04:11:55.000000 UTC,,778923,true,,0
5872833,,,1371111418,2013-06-13 08:16:58.000000 UTC,,5872452,true,,0
4440684,,,1346099112,2012-08-27 20:25:12.000000 UTC,,4440625,true,,0
3703477,,,1331737534,2012-03-14 15:05:34.000000 UTC,,3703273,true,,0
7340886,,,1393948078,2014-03-04 15:47:58.000000 UTC,,7340024,true,,0
3039492,,,1317053033,2011-09-26 16:03:53.000000 UTC,,3039384,true,,0
1262128,,,1271170014,2010-04-13 14:46:54.000000 UTC,,1260982,true,,0
6923885,,,1387313696,2013-12-17 20:54:56.000000 UTC,,6922124,true,,0
6817332,,,1385686460,2013-11-29 00:54:20.000000 UTC,,6816379,true,,0
1088675,,,1264862137,2010-01-30 14:35:37.000000 UTC,,1088064,true,,0
3595502,,,1329331985,2012-02-15 18:53:05.000000 UTC,,3595473,true,,0
4135421,,,1340161269,2012-06-20 03:01:09.000000 UTC,,4135376,true,,0
10142292,,,1440910432,2015-08-30 04:53:52.000000 UTC,,10142284,true,,0
8818237,,,1419999681,2014-12-31 04:21:21.000000 UTC,,8817622,true,,0
5738905,,,1369072033,2013-05-20 17:47:13.000000 UTC,,5738824,true,,0
8768794,,,1418927084,2014-12-18 18:24:44.000000 UTC,,8768612,true,,0
9996120,,,1438612537,2015-08-03 14:35:37.000000 UTC,,9995967,true,,0
6345981,,,1378578507,2013-09-07 18:28:27.000000 UTC,,6345836,true,,0
3766833,,,1332950044,2012-03-28 15:54:04.000000 UTC,,3766796,true,,0
1865338,,,1288801806,2010-11-03 16:30:06.000000 UTC,,1865159,true,,0
9790863,,,1435426472,2015-06-27 17:34:32.000000 UTC,,9790854,true,,0
1558383,,,1280424940,2010-07-29 17:35:40.000000 UTC,,1558359,true,,0
1448129,,,1277100379,2010-06-21 06:06:19.000000 UTC,,1447919,true,,0
5803177,,,1370072762,2013-06-01 07:46:02.000000 UTC,,5803166,true,,0
339356,,,1224622171,2008-10-21 20:49:31.000000 UTC,,339337,true,,0
783897,,,1251164273,2009-08-25 01:37:53.000000 UTC,,783811,true,,0
857448,,,1254502904,2009-10-02 17:01:44.000000 UTC,,856968,true,,0
3244343,,,1321468042,2011-11-16 18:27:22.000000 UTC,,3244341,true,true,0
8884920,,,1421222854,2015-01-14 08:07:34.000000 UTC,,8884831,true,true,0
5690276,,,1368269261,2013-05-11 10:47:41.000000 UTC,,5689829,true,,0
2600177,,,1306783133,2011-05-30 19:18:53.000000 UTC,,2599982,true,,0
4473222,,,1346735079,2012-09-04 05:04:39.000000 UTC,,4472344,true,,0
3106557,,,1318492894,2011-10-13 08:01:34.000000 UTC,,3105736,true,,0
9614187,,,1432759352,2015-05-27 20:42:32.000000 UTC,,9613621,true,,0
5815092,,,1370285856,2013-06-03 18:57:36.000000 UTC,,5815025,true,,0
7065041,,,1389810207,2014-01-15 18:23:27.000000 UTC,,7064939,true,,0
4928749,,,1355677124,2012-12-16 16:58:44.000000 UTC,,4921890,true,,0
903682,,,1256578840,2009-10-26 17:40:40.000000 UTC,,903560,true,,0
865700,,,1254873994,2009-10-07 00:06:34.000000 UTC,,865494,true,,0
3573311,,,1328824947,2012-02-09 22:02:27.000000 UTC,,3572907,true,,0
6920395,,,1387275997,2013-12-17 10:26:37.000000 UTC,,6919225,true,,0
8399234,,,1412219117,2014-10-02 03:05:17.000000 UTC,,8399149,true,,0
1167152,,,1267717445,2010-03-04 15:44:05.000000 UTC,,1167142,true,,0
3737909,,,1332380839,2012-03-22 01:47:19.000000 UTC,,3736343,true,,0
9970333,,,1438192370,2015-07-29 17:52:50.000000 UTC,,9970237,true,,0
5944905,,,1372237533,2013-06-26 09:05:33.000000 UTC,,5944674,true,,0
4057720,,,1338632619,2012-06-02 10:23:39.000000 UTC,,4056139,true,,0
1873821,,,1288974948,2010-11-05 16:35:48.000000 UTC,,1873724,true,,0
2199899,,,1297295220,2011-02-09 23:47:00.000000 UTC,,2199859,true,,0
8471808,,,1413563861,2014-10-17 16:37:41.000000 UTC,,8471599,true,,0
1228860,,,1269949773,2010-03-30 11:49:33.000000 UTC,,1228858,true,,0
7853928,,,1401997850,2014-06-05 19:50:50.000000 UTC,,7853554,true,,0
10214941,,,1442237609,2015-09-14 13:33:29.000000 UTC,,10214824,true,,0
5323738,,,1362476831,2013-03-05 09:47:11.000000 UTC,,5323537,true,,0
5009876,,,1357333405,2013-01-04 21:03:25.000000 UTC,,5009689,true,,0
5307790,,,1362183289,2013-03-02 00:14:49.000000 UTC,,5307469,true,,0
7918191,,,1403210697,2014-06-19 20:44:57.000000 UTC,,7913205,true,,0
5008183,,,1357315470,2013-01-04 16:04:30.000000 UTC,,5004315,true,,0
9195733,,,1426222984,2015-03-13 05:03:04.000000 UTC,,9195659,true,,0
877003,,,1255363355,2009-10-12 16:02:35.000000 UTC,,876938,true,,0
2930420,,,1314403809,2011-08-27 00:10:09.000000 UTC,,2930414,true,,0
8000220,,,1404755838,2014-07-07 17:57:18.000000 UTC,,7998960,true,,0
3209485,,,1320725656,2011-11-08 04:14:16.000000 UTC,,3209078,true,,0
9211142,,,1426510954,2015-03-16 13:02:34.000000 UTC,,9211123,true,,0
4394726,,,1345169165,2012-08-17 02:06:05.000000 UTC,,4394631,true,,0
2738506,,,1310048533,2011-07-07 14:22:13.000000 UTC,,2738495,true,,0
2456995,,,1303073821,2011-04-17 20:57:01.000000 UTC,,2456545,true,,0
710598,,,1247859326,2009-07-17 19:35:26.000000 UTC,,710462,true,,0
1812720,,,1287603850,2010-10-20 19:44:10.000000 UTC,,1812562,true,,0
1548273,,,1280158366,2010-07-26 15:32:46.000000 UTC,,1548207,true,,0
296153,,,1220639760,2008-09-05 18:36:00.000000 UTC,,296090,true,,0
3693519,,,1331561118,2012-03-12 14:05:18.000000 UTC,,3693496,true,,0
3022647,,,1316622950,2011-09-21 16:35:50.000000 UTC,,3022636,true,,0
8814131,,,1419938006,2014-12-30 11:13:26.000000 UTC,,8813893,true,,0
2936567,,,1314610852,2011-08-29 09:40:52.000000 UTC,,2936562,true,,0
2394594,,,1301622535,2011-04-01 01:48:55.000000 UTC,,2394364,true,,0
1809515,,,1287536624,2010-10-20 01:03:44.000000 UTC,,1809299,true,,0
9334495,,,1428418863,2015-04-07 15:01:03.000000 UTC,,9334171,true,,0
5291623,,,1361960699,2013-02-27 10:24:59.000000 UTC,,5291531,true,,0
9844504,,,1436263854,2015-07-07 10:10:54.000000 UTC,,9843155,true,,0
6731291,,,1384418071,2013-11-14 08:34:31.000000 UTC,,6730720,true,,0
3213178,,,1320791623,2011-11-08 22:33:43.000000 UTC,,3212537,true,,0
1029558,,,1262571010,2010-01-04 02:10:10.000000 UTC,,1029539,true,,0
2821605,,,1311946187,2011-07-29 13:29:47.000000 UTC,,2821534,true,,0
8599167,,,1415837396,2014-11-13 00:09:56.000000 UTC,,8598632,true,,0
8193850,,,1408386989,2014-08-18 18:36:29.000000 UTC,,8193695,true,,0
1513862,,,1279089839,2010-07-14 06:43:59.000000 UTC,,1513691,true,,0
6144882,,,1375407980,2013-08-02 01:46:20.000000 UTC,,6144730,true,,0
2800583,,,1311548474,2011-07-24 23:01:14.000000 UTC,,2800578,true,,0
8105168,,,1406669767,2014-07-29 21:36:07.000000 UTC,,8101250,true,,0
6792666,,,1385357249,2013-11-25 05:27:29.000000 UTC,,6792491,true,,0
1186984,,,1268410368,2010-03-12 16:12:48.000000 UTC,,1186798,true,,0
8230479,,,1409102749,2014-08-27 01:25:49.000000 UTC,,8230451,true,,0
4814110,,,1353504256,2012-11-21 13:24:16.000000 UTC,,4813311,true,,0
9060011,,,1424134375,2015-02-17 00:52:55.000000 UTC,,9059994,true,,0
2140228,,,1295980366,2011-01-25 18:32:46.000000 UTC,,2140166,true,,0
5641889,,,1367456860,2013-05-02 01:07:40.000000 UTC,,5641444,true,,0
9244036,,,1426968511,2015-03-21 20:08:31.000000 UTC,,9243698,true,,0
4387137,,,1345052753,2012-08-15 17:45:53.000000 UTC,,4387103,true,,0
2540637,,,1305209642,2011-05-12 14:14:02.000000 UTC,,2540582,true,,0
133454,,,1205184762,2008-03-10 21:32:42.000000 UTC,,132702,true,,0
5656998,,,1367715711,2013-05-05 01:01:51.000000 UTC,,5656741,true,,0
465303,,,1233726466,2009-02-04 05:47:46.000000 UTC,,465101,true,,0
7071764,,,1389899404,2014-01-16 19:10:04.000000 UTC,,7071187,true,,0
138841,,,1205749046,2008-03-17 10:17:26.000000 UTC,,138804,true,,0
8482024,,,1413812177,2014-10-20 13:36:17.000000 UTC,,8481876,true,,0
7468800,,,1395780003,2014-03-25 20:40:03.000000 UTC,,7467441,true,,0
2483221,,,1303771218,2011-04-25 22:40:18.000000 UTC,,2482836,true,,0
4538031,,,1347977150,2012-09-18 14:05:50.000000 UTC,,4537903,true,,0
10242914,,,1442625322,2015-09-19 01:15:22.000000 UTC,,10242528,true,,0
5956480,,,1372398511,2013-06-28 05:48:31.000000 UTC,,5956149,true,,0
5388591,,,1363509770,2013-03-17 08:42:50.000000 UTC,,5388471,true,,0
4949849,,,1356036270,2012-12-20 20:44:30.000000 UTC,,4949537,true,,0
1908924,,,1289878663,2010-11-16 03:37:43.000000 UTC,,1908896,true,,0
5906134,,,1371656251,2013-06-19 15:37:31.000000 UTC,,5906052,true,,0
5930512,,,1372038320,2013-06-24 01:45:20.000000 UTC,,5930504,true,,0
2275708,,,1298993156,2011-03-01 15:25:56.000000 UTC,,2273385,true,,0
1833874,,,1288095664,2010-10-26 12:21:04.000000 UTC,,1833051,true,,0
5278299,,,1361789674,2013-02-25 10:54:34.000000 UTC,,5277692,true,,0
6365354,,,1378870365,2013-09-11 03:32:45.000000 UTC,,6365339,true,,0
5363917,,,1363113235,2013-03-12 18:33:55.000000 UTC,,5363716,true,,0
7392937,,,1394729054,2014-03-13 16:44:14.000000 UTC,,7392718,true,,0
9350077,,,1428605888,2015-04-09 18:58:08.000000 UTC,,9350002,true,,0
892775,,,1256058807,2009-10-20 17:13:27.000000 UTC,,892741,true,,0
7793145,,,1400932388,2014-05-24 11:53:08.000000 UTC,,7793082,true,,0
9851862,,,1436366951,2015-07-08 14:49:11.000000 UTC,,9847447,true,,0
1715617,,,1285146223,2010-09-22 09:03:43.000000 UTC,,1714190,true,,0
7275198,,,1392951632,2014-02-21 03:00:32.000000 UTC,,7275166,true,,0
3065059,,,1317616396,2011-10-03 04:33:16.000000 UTC,,3064748,true,,0
627223,,,1243363411,2009-05-26 18:43:31.000000 UTC,,627149,true,,0
5011832,,,1357365709,2013-01-05 06:01:49.000000 UTC,,5011725,true,,0
4870941,,,1354630069,2012-12-04 14:07:49.000000 UTC,,4869303,true,,0
8259987,,,1409690117,2014-09-02 20:35:17.000000 UTC,,8259885,true,,0
6562183,,,1381957900,2013-10-16 21:11:40.000000 UTC,,6560311,true,,0
8112503,,,1406781606,2014-07-31 04:40:06.000000 UTC,,8112414,true,,0
394787,,,1229028697,2008-12-11 20:51:37.000000 UTC,,394418,true,,0
10343738,,,1444182871,2015-10-07 01:54:31.000000 UTC,,10343699,true,,0
4375349,,,1344857854,2012-08-13 11:37:34.000000 UTC,,4375157,true,,0
5548726,,,1365979626,2013-04-14 22:47:06.000000 UTC,,5548349,true,,0
5930571,,,1372039487,2013-06-24 02:04:47.000000 UTC,,5930564,true,,0
4707760,,,1351385673,2012-10-28 00:54:33.000000 UTC,,4707689,true,,0
6047686,,,1373913885,2013-07-15 18:44:45.000000 UTC,,6047632,true,,0
3665501,,,1330924051,2012-03-05 05:07:31.000000 UTC,,3665487,true,,0
8481077,,,1413792282,2014-10-20 08:04:42.000000 UTC,,8481045,true,,0
6032693,,,1373638820,2013-07-12 14:20:20.000000 UTC,,6030996,true,,0
6382591,,,1379100752,2013-09-13 19:32:32.000000 UTC,,6382546,true,,0
6442798,,,1380086426,2013-09-25 05:20:26.000000 UTC,,6441500,true,,0
5864060,,,1370978034,2013-06-11 19:13:54.000000 UTC,,5863907,true,,0
4337573,,,1344055004,2012-08-04 04:36:44.000000 UTC,,4336953,true,,0
5598970,,,1366764757,2013-04-24 00:52:37.000000 UTC,,5598960,true,,0
3596908,,,1329353596,2012-02-16 00:53:16.000000 UTC,,3595538,true,,0
8985414,,,1422898697,2015-02-02 17:38:17.000000 UTC,,8985093,true,,0
1820392,,,1287766426,2010-10-22 16:53:46.000000 UTC,,1820288,true,,0
9608203,,,1432680670,2015-05-26 22:51:10.000000 UTC,,9608190,true,,0
2272499,,,1298921537,2011-02-28 19:32:17.000000 UTC,,2272410,true,,0
5020661,,,1357561871,2013-01-07 12:31:11.000000 UTC,,5020579,true,,0
4927510,,,1355638360,2012-12-16 06:12:40.000000 UTC,,4925489,true,,0
3511999,,,1327529947,2012-01-25 22:19:07.000000 UTC,,3511917,true,,0
9527094,,,1431371012,2015-05-11 19:03:32.000000 UTC,,9524654,true,,0
10198291,,,1441895980,2015-09-10 14:39:40.000000 UTC,,10196708,true,,0
9491103,,,1430806443,2015-05-05 06:14:03.000000 UTC,,9490746,true,,0
7292126,,,1393263719,2014-02-24 17:41:59.000000 UTC,,7292086,true,,0
1049709,,,1263369767,2010-01-13 08:02:47.000000 UTC,,1049347,true,,0
8632304,,,1416427734,2014-11-19 20:08:54.000000 UTC,,8632283,true,,0
774078,,,1250724820,2009-08-19 23:33:40.000000 UTC,,773322,true,,0
8154721,,,1407527739,2014-08-08 19:55:39.000000 UTC,,8154669,true,,0
8525692,,,1414560030,2014-10-29 05:20:30.000000 UTC,,8523007,true,,0
4531798,,,1347873929,2012-09-17 09:25:29.000000 UTC,,4531132,true,,0
4396784,,,1345216769,2012-08-17 15:19:29.000000 UTC,,4396724,true,,0
3368308,,,1324264160,2011-12-19 03:09:20.000000 UTC,,3367415,true,,0
4363406,,,1344548357,2012-08-09 21:39:17.000000 UTC,,4360543,true,,0
1132696,,,1266442952,2010-02-17 21:42:32.000000 UTC,,1132365,true,,0
2633824,,,1307550909,2011-06-08 16:35:09.000000 UTC,,2633216,true,,0
266481,,,1217870469,2008-08-04 17:21:09.000000 UTC,,266400,true,,0
532359,,,1238011982,2009-03-25 20:13:02.000000 UTC,,532271,true,,0
6009889,,,1373323805,2013-07-08 22:50:05.000000 UTC,,6009264,true,,0
1325641,,,1273178211,2010-05-06 20:36:51.000000 UTC,,1325632,true,,0
9736991,,,1434605733,2015-06-18 05:35:33.000000 UTC,,9736952,true,,0
785938,,,1251236118,2009-08-25 21:35:18.000000 UTC,,785922,true,,0
6930763,,,1387400905,2013-12-18 21:08:25.000000 UTC,,6930494,true,,0
8326901,,,1410899200,2014-09-16 20:26:40.000000 UTC,,8326800,true,,0
9638768,,,1433168825,2015-06-01 14:27:05.000000 UTC,,9638704,true,,0
7215393,,,1392086672,2014-02-11 02:44:32.000000 UTC,,7215345,true,,0
7486969,,,1396012481,2014-03-28 13:14:41.000000 UTC,,7486928,true,,0
1432989,,,1276615621,2010-06-15 15:27:01.000000 UTC,,1431909,true,,0
940952,,,1258150805,2009-11-13 22:20:05.000000 UTC,,939947,true,,0
7512175,,,1396391015,2014-04-01 22:23:35.000000 UTC,,7511875,true,,0
2566022,,,1305854210,2011-05-20 01:16:50.000000 UTC,,2564876,true,,0
2573046,,,1306062017,2011-05-22 11:00:17.000000 UTC,,2573014,true,,0
4401627,,,1345309998,2012-08-18 17:13:18.000000 UTC,,4400104,true,,0
1994518,,,1292058780,2010-12-11 09:13:00.000000 UTC,,1994514,true,,0
2721703,,,1309618965,2011-07-02 15:02:45.000000 UTC,,2721291,true,,0
8786413,,,1419299277,2014-12-23 01:47:57.000000 UTC,,8786381,true,,0
10335340,,,1444082671,2015-10-05 22:04:31.000000 UTC,,10334862,true,,0
1193842,,,1268681479,2010-03-15 19:31:19.000000 UTC,,1193752,true,,0
7555957,,,1396990654,2014-04-08 20:57:34.000000 UTC,,7555909,true,,0
4610253,,,1349309016,2012-10-04 00:03:36.000000 UTC,,4553651,true,,0
5663827,,,1367864332,2013-05-06 18:18:52.000000 UTC,,5663643,true,,0
9877013,,,1436777125,2015-07-13 08:45:25.000000 UTC,,9876579,true,,0
88853,,,1197494056,2007-12-12 21:14:16.000000 UTC,,88788,true,,0
6311192,,,1378056139,2013-09-01 17:22:19.000000 UTC,,6310838,true,,0
2219175,,,1297725375,2011-02-14 23:16:15.000000 UTC,,2219016,true,,0
9758698,,,1434984643,2015-06-22 14:50:43.000000 UTC,,9758637,true,,0
5919867,,,1371838034,2013-06-21 18:07:14.000000 UTC,,5919822,true,,0
314699,,,1222334147,2008-09-25 09:15:47.000000 UTC,,314357,true,,0
2663545,,,1308263276,2011-06-16 22:27:56.000000 UTC,,2663280,true,,0
9862745,,,1436514348,2015-07-10 07:45:48.000000 UTC,,9862662,true,,0
6271167,,,1377412729,2013-08-25 06:38:49.000000 UTC,,6271124,true,,0
2934799,,,1314562174,2011-08-28 20:09:34.000000 UTC,,2934484,true,,0
246761,,,1216137442,2008-07-15 15:57:22.000000 UTC,,246685,true,,0
2457619,,,1303090472,2011-04-18 01:34:32.000000 UTC,,2457618,true,,0
2739978,,,1310067261,2011-07-07 19:34:21.000000 UTC,,2739610,true,,0
1705256,,,1284854836,2010-09-19 00:07:16.000000 UTC,,1698868,true,,0
5027860,,,1357672623,2013-01-08 19:17:03.000000 UTC,,5027842,true,,0
8685103,,,1417481942,2014-12-02 00:59:02.000000 UTC,,8683170,true,,0
4019911,,,1337885621,2012-05-24 18:53:41.000000 UTC,,4019796,true,,0
4638420,,,1349906312,2012-10-10 21:58:32.000000 UTC,,4638376,true,,0
1816610,,,1287683324,2010-10-21 17:48:44.000000 UTC,,1816511,true,,0
3704496,,,1331748659,2012-03-14 18:10:59.000000 UTC,,3704442,true,,0
2950116,,,1314887106,2011-09-01 14:25:06.000000 UTC,,2950025,true,,0
3401441,,,1325107261,2011-12-28 21:21:01.000000 UTC,,3401397,true,,0
6689930,,,1383838864,2013-11-07 15:41:04.000000 UTC,,6685668,true,,0
7306140,,,1393434865,2014-02-26 17:14:25.000000 UTC,,7306038,true,,0
7745142,,,1400090578,2014-05-14 18:02:58.000000 UTC,,7745074,true,,0
7405461,,,1394906576,2014-03-15 18:02:56.000000 UTC,,7326625,true,,0
7305031,,,1393424596,2014-02-26 14:23:16.000000 UTC,,7304908,true,,0
97877,,,1200242404,2008-01-13 16:40:04.000000 UTC,,97863,true,,0
2157679,,,1296375629,2011-01-30 08:20:29.000000 UTC,,2157569,true,,0
8493602,,,1413997057,2014-10-22 16:57:37.000000 UTC,,8493441,true,,0
6321180,,,1378218786,2013-09-03 14:33:06.000000 UTC,,6321078,true,,0
6676948,,,1383676024,2013-11-05 18:27:04.000000 UTC,,6676663,true,,0
2050265,,,1293658767,2010-12-29 21:39:27.000000 UTC,,2049177,true,,0
4013364,,,1337785394,2012-05-23 15:03:14.000000 UTC,,4012866,true,,0
9571802,,,1432057316,2015-05-19 17:41:56.000000 UTC,,9571374,true,,0
5855242,,,1370879921,2013-06-10 15:58:41.000000 UTC,,5855167,true,,0
1113511,,,1265753855,2010-02-09 22:17:35.000000 UTC,,1113197,true,,0
7611367,,,1397855709,2014-04-18 21:15:09.000000 UTC,,7610786,true,,0
5769901,,,1369538717,2013-05-26 03:25:17.000000 UTC,,5769890,true,,0
4481175,,,1346875359,2012-09-05 20:02:39.000000 UTC,,4480007,true,,0
6945813,,,1387601480,2013-12-21 04:51:20.000000 UTC,,6945687,true,,0
3097540,,,1318317317,2011-10-11 07:15:17.000000 UTC,,3097519,true,,0
272736,,,1218422231,2008-08-11 02:37:11.000000 UTC,,272656,true,,0
129068,,,1204659682,2008-03-04 19:41:22.000000 UTC,,129064,true,,0
8692727,,,1417599564,2014-12-03 09:39:24.000000 UTC,,8692344,true,,0
8863532,,,1420828115,2015-01-09 18:28:35.000000 UTC,,8860700,true,,0
9284161,,,1427614453,2015-03-29 07:34:13.000000 UTC,,9284019,true,,0
3393617,,,1324926030,2011-12-26 19:00:30.000000 UTC,,3393446,true,,0
2041039,,,1293392133,2010-12-26 19:35:33.000000 UTC,,2040503,true,,0
7413650,,,1395041624,2014-03-17 07:33:44.000000 UTC,,7413082,true,,0
3938959,,,1336398847,2012-05-07 13:54:07.000000 UTC,,3937170,true,,0
2211160,,,1297545554,2011-02-12 21:19:14.000000 UTC,,2208927,true,,0
1848265,,,1288375549,2010-10-29 18:05:49.000000 UTC,,1847672,true,,0
8655659,,,1416875992,2014-11-25 00:39:52.000000 UTC,,8655558,true,,0
3308605,,,1322941793,2011-12-03 19:49:53.000000 UTC,,3308566,true,,0
9566726,,,1431981342,2015-05-18 20:35:42.000000 UTC,,9566716,true,,0
699180,,,1247321173,2009-07-11 14:06:13.000000 UTC,,699097,true,,0
7742965,,,1400061677,2014-05-14 10:01:17.000000 UTC,,7742730,true,,0
8364845,,,1411603518,2014-09-25 00:05:18.000000 UTC,,8363574,true,,0
4931351,,,1355731802,2012-12-17 08:10:02.000000 UTC,,4931264,true,,0
9228057,,,1426706661,2015-03-18 19:24:21.000000 UTC,,9224832,true,,0
1147812,,,1267014447,2010-02-24 12:27:27.000000 UTC,,1147770,true,,0
9060217,,,1424137668,2015-02-17 01:47:48.000000 UTC,,9060138,true,,0
4900071,,,1355159002,2012-12-10 17:03:22.000000 UTC,,4900056,true,,0
7125952,,,1390758600,2014-01-26 17:50:00.000000 UTC,,7125160,true,,0
7791057,,,1400875505,2014-05-23 20:05:05.000000 UTC,,7790958,true,,0
7238021,,,1392378357,2014-02-14 11:45:57.000000 UTC,,7238003,true,,0
6271744,,,1377431298,2013-08-25 11:48:18.000000 UTC,,6271677,true,,0
2690224,,,1308868869,2011-06-23 22:41:09.000000 UTC,,2689782,true,,0
5584678,,,1366548427,2013-04-21 12:47:07.000000 UTC,,5583816,true,,0
9476925,,,1430572709,2015-05-02 13:18:29.000000 UTC,,9476866,true,,0
4299401,,,1343348850,2012-07-27 00:27:30.000000 UTC,,4298909,true,,0
8375362,,,1411772880,2014-09-26 23:08:00.000000 UTC,,8375244,true,,0
8300631,,,1410403939,2014-09-11 02:52:19.000000 UTC,,8300140,true,,0
768375,,,1250525366,2009-08-17 16:09:26.000000 UTC,,768351,true,,0
7906001,,,1403029010,2014-06-17 18:16:50.000000 UTC,,7905968,true,,0
5351608,,,1362918408,2013-03-10 12:26:48.000000 UTC,,5351441,true,,0
6367819,,,1378913692,2013-09-11 15:34:52.000000 UTC,,6367662,true,,0
3588617,,,1329193857,2012-02-14 04:30:57.000000 UTC,,3588481,true,,0
8762770,,,1418832805,2014-12-17 16:13:25.000000 UTC,,8762472,true,,0
9988256,,,1438455541,2015-08-01 18:59:01.000000 UTC,,9988245,true,,0
6688107,,,1383809070,2013-11-07 07:24:30.000000 UTC,,6684027,true,,0
3937424,,,1336360633,2012-05-07 03:17:13.000000 UTC,,3935273,true,,0
8911353,,,1421665681,2015-01-19 11:08:01.000000 UTC,,8910452,true,,0
8944797,,,1422230646,2015-01-26 00:04:06.000000 UTC,,8944347,true,,0
9686305,,,1433862095,2015-06-09 15:01:35.000000 UTC,,9686014,true,,0
5926052,,,1371955408,2013-06-23 02:43:28.000000 UTC,,5925744,true,,0
6242328,,,1376985142,2013-08-20 07:52:22.000000 UTC,,6242163,true,,0
10285769,,,1443339100,2015-09-27 07:31:40.000000 UTC,,10285480,true,,0
6048633,,,1373923490,2013-07-15 21:24:50.000000 UTC,,6048357,true,,0
5931908,,,1372066627,2013-06-24 09:37:07.000000 UTC,,5931820,true,,0
5191816,,,1360388003,2013-02-09 05:33:23.000000 UTC,,5191751,true,,0
9585586,,,1432244943,2015-05-21 21:49:03.000000 UTC,,9585440,true,,0
7876750,,,1402469535,2014-06-11 06:52:15.000000 UTC,,7876463,true,,0
8540573,,,1414783065,2014-10-31 19:17:45.000000 UTC,,8540316,true,,0
3622760,,,1329949469,2012-02-22 22:24:29.000000 UTC,,3622754,true,,0
4908740,,,1355288911,2012-12-12 05:08:31.000000 UTC,,4908699,true,,0
3331287,,,1323380583,2011-12-08 21:43:03.000000 UTC,,3331149,true,,0
8348090,,,1411329709,2014-09-21 20:01:49.000000 UTC,,8345606,true,,0
3048666,,,1317227427,2011-09-28 16:30:27.000000 UTC,,3048414,true,,0
508736,,,1236621072,2009-03-09 17:51:12.000000 UTC,,508191,true,,0
1154272,,,1267221946,2010-02-26 22:05:46.000000 UTC,,1154188,true,,0
9935963,,,1437662314,2015-07-23 14:38:34.000000 UTC,,9935871,true,,0
3817969,,,1333991939,2012-04-09 17:18:59.000000 UTC,,3817932,true,,0
4935276,,,1355788720,2012-12-17 23:58:40.000000 UTC,,4935142,true,,0
6965755,,,1388050377,2013-12-26 09:32:57.000000 UTC,,6965642,true,,0
3373247,,,1324385722,2011-12-20 12:55:22.000000 UTC,,3373241,true,,0
2182787,,,1296896537,2011-02-05 09:02:17.000000 UTC,,2182683,true,,0
86272,,,1196860201,2007-12-05 13:10:01.000000 UTC,,86226,true,,0
7930853,,,1403512910,2014-06-23 08:41:50.000000 UTC,,7930815,true,,0
6919513,,,1387252200,2013-12-17 03:50:00.000000 UTC,,6917785,true,,0
8381283,,,1411950246,2014-09-29 00:24:06.000000 UTC,,8380133,true,,0
6587960,,,1382387128,2013-10-21 20:25:28.000000 UTC,,6587420,true,,0
9202635,,,1426341626,2015-03-14 14:00:26.000000 UTC,,9201911,true,,0
1704280,,,1284822104,2010-09-18 15:01:44.000000 UTC,,1704276,true,,0
1721106,,,1285271863,2010-09-23 19:57:43.000000 UTC,,1721023,true,,0
33985,,,1184311368,2007-07-13 07:22:48.000000 UTC,,33981,true,,0
4618167,,,1349463506,2012-10-05 18:58:26.000000 UTC,,4618148,true,,0
7354855,,,1394124698,2014-03-06 16:51:38.000000 UTC,,7354687,true,,0
335329,,,1224220886,2008-10-17 05:21:26.000000 UTC,,334118,true,,0
3149370,,,1319460658,2011-10-24 12:50:58.000000 UTC,,3148034,true,,0
9062664,,,1424186585,2015-02-17 15:23:05.000000 UTC,,9062657,true,,0
2015128,,,1292558993,2010-12-17 04:09:53.000000 UTC,,2015103,true,,0
5900409,,,1371574202,2013-06-18 16:50:02.000000 UTC,,5900340,true,,0
902748,,,1256540357,2009-10-26 06:59:17.000000 UTC,,902666,true,,0
5714752,,,1368650730,2013-05-15 20:45:30.000000 UTC,,5714700,true,,0
6884141,,,1386713353,2013-12-10 22:09:13.000000 UTC,,6883343,true,,0
8047572,,,1405606068,2014-07-17 14:07:48.000000 UTC,,8047562,true,,0
3010775,,,1316368346,2011-09-18 17:52:26.000000 UTC,,3010695,true,,0
2846719,,,1312476790,2011-08-04 16:53:10.000000 UTC,,2846035,true,,0
10331571,,,1444050868,2015-10-05 13:14:28.000000 UTC,,10331419,true,,0
4203188,,,1341498905,2012-07-05 14:35:05.000000 UTC,,4203107,true,,0
5098486,,,1358877459,2013-01-22 17:57:39.000000 UTC,,5098365,true,,0
4178936,,,1341002116,2012-06-29 20:35:16.000000 UTC,,4176922,true,,0
1145781,,,1266944683,2010-02-23 17:04:43.000000 UTC,,1145424,true,,0
9239009,,,1426871851,2015-03-20 17:17:31.000000 UTC,,9237960,true,,0
4925666,,,1355591184,2012-12-15 17:06:24.000000 UTC,,4925618,true,,0
9160248,,,1425684537,2015-03-06 23:28:57.000000 UTC,,9160126,true,,0
3695556,,,1331586617,2012-03-12 21:10:17.000000 UTC,,3695526,true,,0
6578677,,,1382233007,2013-10-20 01:36:47.000000 UTC,,6578560,true,,0
3820819,,,1334035431,2012-04-10 05:23:51.000000 UTC,,3820493,true,,0
7846387,,,1401898083,2014-06-04 16:08:03.000000 UTC,,7846324,true,,0
661499,,,1245222633,2009-06-17 07:10:33.000000 UTC,,661145,true,,0
7568320,,,1397152280,2014-04-10 17:51:20.000000 UTC,,7568294,true,,0
7071544,,,1389897875,2014-01-16 18:44:35.000000 UTC,,7071260,true,,0
3304884,,,1322848286,2011-12-02 17:51:26.000000 UTC,,3304879,true,,0
4354032,,,1344402557,2012-08-08 05:09:17.000000 UTC,,4354006,true,,0
8516001,,,1414423397,2014-10-27 15:23:17.000000 UTC,,8515992,true,,0
1712129,,,1285067111,2010-09-21 11:05:11.000000 UTC,,1712088,true,,0
6098222,,,1374691654,2013-07-24 18:47:34.000000 UTC,,6097371,true,,0
5273674,,,1361700852,2013-02-24 10:14:12.000000 UTC,,5272978,true,,0
9599721,,,1432555949,2015-05-25 12:12:29.000000 UTC,,9599520,true,,0
8873364,,,1421062703,2015-01-12 11:38:23.000000 UTC,,8873255,true,,0
10251121,,,1442825829,2015-09-21 08:57:09.000000 UTC,,10250852,true,,0
4623614,,,1349627277,2012-10-07 16:27:57.000000 UTC,,4623411,true,,0
9394936,,,1429284836,2015-04-17 15:33:56.000000 UTC,,9394860,true,,0
4888413,,,1354905343,2012-12-07 18:35:43.000000 UTC,,4887931,true,,0
5858345,,,1370907381,2013-06-10 23:36:21.000000 UTC,,5857269,true,,0
9335384,,,1428425866,2015-04-07 16:57:46.000000 UTC,,9335334,true,,0
9638617,,,1433167445,2015-06-01 14:04:05.000000 UTC,,9638560,true,,0
1287364,,,1272000945,2010-04-23 05:35:45.000000 UTC,,1287333,true,,0
7602675,,,1397727064,2014-04-17 09:31:04.000000 UTC,,7602644,true,,0
8823983,,,1420141221,2015-01-01 19:40:21.000000 UTC,,8823886,true,,0
9967216,,,1438160503,2015-07-29 09:01:43.000000 UTC,,9967174,true,,0
1558670,,,1280428340,2010-07-29 18:32:20.000000 UTC,,1557476,true,,0
1417935,,,1276110336,2010-06-09 19:05:36.000000 UTC,,1417362,true,,0
5908694,,,1371679524,2013-06-19 22:05:24.000000 UTC,,5907749,true,,0
7113516,,,1390541909,2014-01-24 05:38:29.000000 UTC,,7113504,true,,0
7644437,,,1398393218,2014-04-25 02:33:38.000000 UTC,,7644198,true,,0
6427782,,,1379880169,2013-09-22 20:02:49.000000 UTC,,6425754,true,,0
3302786,,,1322802268,2011-12-02 05:04:28.000000 UTC,,3302309,true,,0
5666097,,,1367891541,2013-05-07 01:52:21.000000 UTC,,5666043,true,,0
7283526,,,1393102018,2014-02-22 20:46:58.000000 UTC,,7283469,true,,0
2073395,,,1294276248,2011-01-06 01:10:48.000000 UTC,,2073369,true,,0
6670782,,,1383594975,2013-11-04 19:56:15.000000 UTC,,6668393,true,,0
3071352,,,1317742551,2011-10-04 15:35:51.000000 UTC,,3070596,true,,0
10228656,,,1442427702,2015-09-16 18:21:42.000000 UTC,,10227668,true,,0
2791987,,,1311297945,2011-07-22 01:25:45.000000 UTC,,2791844,true,,0
4088252,,,1339254550,2012-06-09 15:09:10.000000 UTC,,4088195,true,,0
1672438,,,1283964606,2010-09-08 16:50:06.000000 UTC,,1672404,true,,0
7979578,,,1404333401,2014-07-02 20:36:41.000000 UTC,,7979572,true,,0
5535743,,,1365725652,2013-04-12 00:14:12.000000 UTC,,5535692,true,,0
3131999,,,1319057064,2011-10-19 20:44:24.000000 UTC,,3131818,true,,0
6506141,,,1381109097,2013-10-07 01:24:57.000000 UTC,,6506097,true,,0
10296175,,,1443534063,2015-09-29 13:41:03.000000 UTC,,10296091,true,,0
496102,,,1235669018,2009-02-26 17:23:38.000000 UTC,,495968,true,,0
8931378,,,1421956871,2015-01-22 20:01:11.000000 UTC,,8930603,true,,0
6114354,,,1374957610,2013-07-27 20:40:10.000000 UTC,,6114187,true,,0
6744612,,,1384607856,2013-11-16 13:17:36.000000 UTC,,6744114,true,,0
951630,,,1258680612,2009-11-20 01:30:12.000000 UTC,,951552,true,,0
5324617,,,1362493686,2013-03-05 14:28:06.000000 UTC,,5324027,true,,0
3986859,,,1337261641,2012-05-17 13:34:01.000000 UTC,,3986834,true,,0
10335899,,,1444089884,2015-10-06 00:04:44.000000 UTC,,10335199,true,,0
7935415,,,1403566471,2014-06-23 23:34:31.000000 UTC,,7931958,true,,0
4134781,,,1340148488,2012-06-19 23:28:08.000000 UTC,,4134601,true,,0
3371345,,,1324332610,2011-12-19 22:10:10.000000 UTC,,3371070,true,,0
6144460,,,1375401030,2013-08-01 23:50:30.000000 UTC,,6144442,true,,0
9659876,,,1433431289,2015-06-04 15:21:29.000000 UTC,,9658631,true,,0
667941,,,1245627724,2009-06-21 23:42:04.000000 UTC,,667744,true,,0
4938832,,,1355856257,2012-12-18 18:44:17.000000 UTC,,4937838,true,,0
7478434,,,1395891230,2014-03-27 03:33:50.000000 UTC,,7478031,true,,0
5131310,,,1359414270,2013-01-28 23:04:30.000000 UTC,,5130894,true,,0
4453980,,,1346324356,2012-08-30 10:59:16.000000 UTC,,4453408,true,,0
2963336,,,1315256411,2011-09-05 21:00:11.000000 UTC,,2963287,true,,0
8871385,,,1421011558,2015-01-11 21:25:58.000000 UTC,,8870493,true,,0
746205,,,1249586985,2009-08-06 19:29:45.000000 UTC,,746190,true,,0
3210031,,,1320743652,2011-11-08 09:14:12.000000 UTC,,3209994,true,,0
9193988,,,1426195070,2015-03-12 21:17:50.000000 UTC,,9193838,true,,0
9042201,,,1423787081,2015-02-13 00:24:41.000000 UTC,,9041984,true,,0
9484672,,,1430722191,2015-05-04 06:49:51.000000 UTC,,9484634,true,,0
6540607,,,1381616072,2013-10-12 22:14:32.000000 UTC,,6540540,true,,0
7920119,,,1403258582,2014-06-20 10:03:02.000000 UTC,,7920113,true,,0
4802035,,,1353280190,2012-11-18 23:09:50.000000 UTC,,4802026,true,,0
8319005,,,1410790647,2014-09-15 14:17:27.000000 UTC,,8319001,true,,0
8525910,,,1414566104,2014-10-29 07:01:44.000000 UTC,,8525663,true,,0
1033591,,,1262730922,2010-01-05 22:35:22.000000 UTC,,1032881,true,,0
4291806,,,1343235185,2012-07-25 16:53:05.000000 UTC,,4291591,true,,0
4902368,,,1355184535,2012-12-11 00:08:55.000000 UTC,,4901889,true,,0
4340124,,,1344125498,2012-08-05 00:11:38.000000 UTC,,4339668,true,,0
5492660,,,1365083958,2013-04-04 13:59:18.000000 UTC,,5492582,true,,0
10008626,,,1438765510,2015-08-05 09:05:10.000000 UTC,,10006658,true,,0
2352126,,,1300749942,2011-03-21 23:25:42.000000 UTC,,2351973,true,,0
3778937,,,1333156455,2012-03-31 01:14:15.000000 UTC,,3778645,true,,0
5055074,,,1358178527,2013-01-14 15:48:47.000000 UTC,,4996067,true,,0
5692955,,,1368327896,2013-05-12 03:04:56.000000 UTC,,5692918,true,,0
6205413,,,1376399093,2013-08-13 13:04:53.000000 UTC,,6205369,true,,0
1779755,,,1286806317,2010-10-11 14:11:57.000000 UTC,,1779723,true,,0
7280451,,,1393029706,2014-02-22 00:41:46.000000 UTC,,7280394,true,,0
5405390,,,1363749252,2013-03-20 03:14:12.000000 UTC,,5405049,true,,0
9653221,,,1433344933,2015-06-03 15:22:13.000000 UTC,,9653196,true,,0
2465957,,,1303293133,2011-04-20 09:52:13.000000 UTC,,2465890,true,,0
6080879,,,1374449759,2013-07-21 23:35:59.000000 UTC,,6080671,true,,0
7066352,,,1389821810,2014-01-15 21:36:50.000000 UTC,,7066242,true,,0
6753481,,,1384766921,2013-11-18 09:28:41.000000 UTC,,6751958,true,,0
3223284,,,1320983304,2011-11-11 03:48:24.000000 UTC,,3223235,true,,0
125330,,,1204186978,2008-02-28 08:22:58.000000 UTC,,125302,true,,0
4104903,,,1339576424,2012-06-13 08:33:44.000000 UTC,,4104328,true,,0
856131,,,1254442471,2009-10-02 00:14:31.000000 UTC,,855969,true,,0
9728557,,,1434487249,2015-06-16 20:40:49.000000 UTC,,9728456,true,,0
3558234,,,1328549093,2012-02-06 17:24:53.000000 UTC,,3558111,true,,0
1173144,,,1267954995,2010-03-07 09:43:15.000000 UTC,,1173126,true,,0
9385516,,,1429150033,2015-04-16 02:07:13.000000 UTC,,9385479,true,,0
2199018,,,1297281002,2011-02-09 19:50:02.000000 UTC,,2198602,true,,0
4654081,,,1350285795,2012-10-15 07:23:15.000000 UTC,,4654078,true,,0
4788981,,,1352993755,2012-11-15 15:35:55.000000 UTC,,4787953,true,,0
4253910,,,1342495089,2012-07-17 03:18:09.000000 UTC,,4253296,true,,0
4556437,,,1348269774,2012-09-21 23:22:54.000000 UTC,,4556407,true,,0
9816789,,,1435810000,2015-07-02 04:06:40.000000 UTC,,9816526,true,,0
1190789,,,1268581873,2010-03-14 15:51:13.000000 UTC,,1190161,true,,0
7446418,,,1395450686,2014-03-22 01:11:26.000000 UTC,,7446377,true,,0
8657187,,,1416912758,2014-11-25 10:52:38.000000 UTC,,8657173,true,,0
1582419,,,1281131691,2010-08-06 21:54:51.000000 UTC,,1582256,true,,0
6562473,,,1381962257,2013-10-16 22:24:17.000000 UTC,,6562401,true,,0
6426812,,,1379862151,2013-09-22 15:02:31.000000 UTC,,6426541,true,,0
8057063,,,1405761881,2014-07-19 09:24:41.000000 UTC,,8056064,true,,0
8410275,,,1412449866,2014-10-04 19:11:06.000000 UTC,,8410255,true,,0
4480854,,,1346871477,2012-09-05 18:57:57.000000 UTC,,4480698,true,,0
3391730,,,1324852216,2011-12-25 22:30:16.000000 UTC,,3391659,true,,0
9624934,,,1432911609,2015-05-29 15:00:09.000000 UTC,,9624917,true,,0
7429220,,,1395242471,2014-03-19 15:21:11.000000 UTC,,7426449,true,,0
1170659,,,1267828154,2010-03-05 22:29:14.000000 UTC,,1170647,true,,0
3724938,,,1332177400,2012-03-19 17:16:40.000000 UTC,,3724564,true,,0
5729314,,,1368892652,2013-05-18 15:57:32.000000 UTC,,5727065,true,,0
1472293,,,1277836232,2010-06-29 18:30:32.000000 UTC,,1472285,true,,0
9634763,,,1433092161,2015-05-31 17:09:21.000000 UTC,,9633740,true,,0
5984320,,,1372857964,2013-07-03 13:26:04.000000 UTC,,5984201,true,,0
1193834,,,1268681288,2010-03-15 19:28:08.000000 UTC,,1193829,true,,0
5649624,,,1367578123,2013-05-03 10:48:43.000000 UTC,,5649588,true,,0
7192102,,,1391712179,2014-02-06 18:42:59.000000 UTC,,7190844,true,,0
400808,,,1229515583,2008-12-17 12:06:23.000000 UTC,,400247,true,,0
9293624,,,1427762171,2015-03-31 00:36:11.000000 UTC,,9293599,true,,0
1475851,,,1277925508,2010-06-30 19:18:28.000000 UTC,,1432889,true,,0
9900711,,,1437092808,2015-07-17 00:26:48.000000 UTC,,9900546,true,,0
836957,,,1253628648,2009-09-22 14:10:48.000000 UTC,,836947,true,,0
6710944,,,1384166667,2013-11-11 10:44:27.000000 UTC,,6710028,true,,0
2556873,,,1305650256,2011-05-17 16:37:36.000000 UTC,,2556232,true,,0
67138,,,1192244552,2007-10-13 03:02:32.000000 UTC,,66402,true,,0
1696536,,,1284600779,2010-09-16 01:32:59.000000 UTC,,1696527,true,,0
3835260,,,1334287049,2012-04-13 03:17:29.000000 UTC,,3833717,true,,0
317358,,,1222570574,2008-09-28 02:56:14.000000 UTC,,317342,true,,0
2513955,,,1304520033,2011-05-04 14:40:33.000000 UTC,,2513702,true,,0
9500872,,,1430937685,2015-05-06 18:41:25.000000 UTC,,9500758,true,,0
6301018,,,1377858651,2013-08-30 10:30:51.000000 UTC,,6300990,true,,0
8070616,,,1406052787,2014-07-22 18:13:07.000000 UTC,,8070598,true,,0
2818126,,,1311876685,2011-07-28 18:11:25.000000 UTC,,2818088,true,,0
1194005,,,1268684754,2010-03-15 20:25:54.000000 UTC,,1192500,true,,0
6141499,,,1375375030,2013-08-01 16:37:10.000000 UTC,,6141313,true,,0
8350513,,,1411393856,2014-09-22 13:50:56.000000 UTC,,8350487,true,,0
5731803,,,1368938039,2013-05-19 04:33:59.000000 UTC,,5731219,true,,0
6361374,,,1378832972,2013-09-10 17:09:32.000000 UTC,,6360680,true,,0
2732876,,,1309937329,2011-07-06 07:28:49.000000 UTC,,2730654,true,,0
8352810,,,1411422108,2014-09-22 21:41:48.000000 UTC,,8352686,true,,0
6745449,,,1384621716,2013-11-16 17:08:36.000000 UTC,,6742696,true,,0
7775768,,,1400627576,2014-05-20 23:12:56.000000 UTC,,7775734,true,,0
8610989,,,1416031407,2014-11-15 06:03:27.000000 UTC,,8610948,true,,0
861957,,,1254756484,2009-10-05 15:28:04.000000 UTC,,861843,true,,0
4951989,,,1356078565,2012-12-21 08:29:25.000000 UTC,,4951979,true,,0
9882996,,,1436850225,2015-07-14 05:03:45.000000 UTC,,9882948,true,,0
5386597,,,1363464664,2013-03-16 20:11:04.000000 UTC,,5386594,true,,0
9622416,,,1432867689,2015-05-29 02:48:09.000000 UTC,,9622390,true,,0
10237459,,,1442550236,2015-09-18 04:23:56.000000 UTC,,10235842,true,,0
337597,,,1224477607,2008-10-20 04:40:07.000000 UTC,,337588,true,,0
2775787,,,1310986857,2011-07-18 11:00:57.000000 UTC,,2775387,true,,0
8251165,,,1409535736,2014-09-01 01:42:16.000000 UTC,,8201915,true,,0
7296379,,,1393317760,2014-02-25 08:42:40.000000 UTC,,7296170,true,true,0
8934569,,,1422017441,2015-01-23 12:50:41.000000 UTC,,8933396,true,,0
4653858,,,1350277711,2012-10-15 05:08:31.000000 UTC,,4652752,true,,0
1676263,,,1284056112,2010-09-09 18:15:12.000000 UTC,,1675918,true,,0
9151471,,,1425571214,2015-03-05 16:00:14.000000 UTC,,9151406,true,,0
1138946,,,1266668162,2010-02-20 12:16:02.000000 UTC,,1138175,true,,0
2592750,,,1306524454,2011-05-27 19:27:34.000000 UTC,,2580555,true,,0
7542858,,,1396817452,2014-04-06 20:50:52.000000 UTC,,7542693,true,,0
4242334,,,1342218506,2012-07-13 22:28:26.000000 UTC,,4241785,true,,0
1994320,,,1292047350,2010-12-11 06:02:30.000000 UTC,,1992746,true,,0
9700915,,,1434042337,2015-06-11 17:05:37.000000 UTC,,9700792,true,,0
5266500,,,1361564216,2013-02-22 20:16:56.000000 UTC,,5266496,true,,0
8199167,,,1408475238,2014-08-19 19:07:18.000000 UTC,,8199132,true,,0
352086,,,1225719313,2008-11-03 13:35:13.000000 UTC,,351903,true,,0
6173272,,,1375887700,2013-08-07 15:01:40.000000 UTC,,6173256,true,,0
1079448,,,1264554255,2010-01-27 01:04:15.000000 UTC,,1079127,true,,0
2438279,,,1302630447,2011-04-12 17:47:27.000000 UTC,,2438205,true,,0
2443494,,,1302719123,2011-04-13 18:25:23.000000 UTC,,2443339,true,,0
6517100,,,1381259105,2013-10-08 19:05:05.000000 UTC,,6515943,true,,0
8135050,,,1407201477,2014-08-05 01:17:57.000000 UTC,,8134557,true,,0
2345522,,,1300594900,2011-03-20 04:21:40.000000 UTC,,2334813,true,,0
10031699,,,1439156866,2015-08-09 21:47:46.000000 UTC,,10031274,true,,0
7950842,,,1403806050,2014-06-26 18:07:30.000000 UTC,,7950462,true,,0
9911871,,,1437325845,2015-07-19 17:10:45.000000 UTC,,9910648,true,,0
9916340,,,1437403258,2015-07-20 14:40:58.000000 UTC,,9916307,true,,0
9999972,,,1438637376,2015-08-03 21:29:36.000000 UTC,,9999854,true,,0
1051768,,,1263436074,2010-01-14 02:27:54.000000 UTC,,1051563,true,,0
8521660,,,1414512328,2014-10-28 16:05:28.000000 UTC,,8521569,true,,0
5482093,,,1364936828,2013-04-02 21:07:08.000000 UTC,,5481808,true,,0
7148567,,,1391046532,2014-01-30 01:48:52.000000 UTC,,7148219,true,,0
3028191,,,1316733077,2011-09-22 23:11:17.000000 UTC,,3028187,true,,0
947912,,,1258526623,2009-11-18 06:43:43.000000 UTC,,947671,true,,0
6501677,,,1381000203,2013-10-05 19:10:03.000000 UTC,,6501676,true,,0
2256748,,,1298515811,2011-02-24 02:50:11.000000 UTC,,2256730,true,,0
7710995,,,1399479512,2014-05-07 16:18:32.000000 UTC,,7710808,true,,0
4285642,,,1343137650,2012-07-24 13:47:30.000000 UTC,,4285632,true,,0
7444486,,,1395431704,2014-03-21 19:55:04.000000 UTC,,7444202,true,,0
7787794,,,1400814774,2014-05-23 03:12:54.000000 UTC,,7786550,true,,0
5147610,,,1359667849,2013-01-31 21:30:49.000000 UTC,,5146736,true,,0
1202046,,,1268936280,2010-03-18 18:18:00.000000 UTC,,1191576,true,,0
7293604,,,1393278259,2014-02-24 21:44:19.000000 UTC,,7291691,true,,0
344190,,,1225016933,2008-10-26 10:28:53.000000 UTC,,343906,true,,0
8903947,,,1421486183,2015-01-17 09:16:23.000000 UTC,,8903925,true,,0
1745530,,,1285894695,2010-10-01 00:58:15.000000 UTC,,1744193,true,,0
3284762,,,1322459806,2011-11-28 05:56:46.000000 UTC,,3284365,true,,0
6652322,,,1383290534,2013-11-01 07:22:14.000000 UTC,,6649038,true,,0
2199668,,,1297291075,2011-02-09 22:37:55.000000 UTC,,2199587,true,,0
9409314,,,1429548612,2015-04-20 16:50:12.000000 UTC,,9409244,true,,0
9661907,,,1433450628,2015-06-04 20:43:48.000000 UTC,,9661735,true,,0
6967542,,,1388085524,2013-12-26 19:18:44.000000 UTC,,6967216,true,,0
4461605,,,1346445780,2012-08-31 20:43:00.000000 UTC,,4461590,true,,0
8869190,,,1420955484,2015-01-11 05:51:24.000000 UTC,,8868840,true,,0
2097488,,,1294863794,2011-01-12 20:23:14.000000 UTC,,2096026,true,,0
6631188,,,1383009935,2013-10-29 01:25:35.000000 UTC,,6631157,true,,0
1430674,,,1276543453,2010-06-14 19:24:13.000000 UTC,,1430527,true,,0
576584,,,1240525558,2009-04-23 22:25:58.000000 UTC,,576467,true,,0
7895545,,,1402848943,2014-06-15 16:15:43.000000 UTC,,7895365,true,,0
6771111,,,1384980860,2013-11-20 20:54:20.000000 UTC,,6770299,true,,0
9083076,,,1424466928,2015-02-20 21:15:28.000000 UTC,,9082636,true,,0
7708098,,,1399424635,2014-05-07 01:03:55.000000 UTC,,7708078,true,,0
4776936,,,1352792836,2012-11-13 07:47:16.000000 UTC,,4775814,true,,0
9479389,,,1430616685,2015-05-03 01:31:25.000000 UTC,,9479190,true,,0
10277017,,,1443171763,2015-09-25 09:02:43.000000 UTC,,10276167,true,,0
9945750,,,1437778874,2015-07-24 23:01:14.000000 UTC,,9944984,true,,0
4963000,,,1356362020,2012-12-24 15:13:40.000000 UTC,,4962997,true,,0
2878841,,,1313177251,2011-08-12 19:27:31.000000 UTC,,2878830,true,,0
5974345,,,1372720267,2013-07-01 23:11:07.000000 UTC,,5974063,true,,0
7356823,,,1394142258,2014-03-06 21:44:18.000000 UTC,,7355317,true,,0
1595149,,,1281544102,2010-08-11 16:28:22.000000 UTC,,1595143,true,,0
9174010,,,1425934658,2015-03-09 20:57:38.000000 UTC,,9173368,true,,0
6855076,,,1386259427,2013-12-05 16:03:47.000000 UTC,,6855033,true,,0
8285907,,,1410196344,2014-09-08 17:12:24.000000 UTC,,8285740,true,,0
9192379,,,1426181791,2015-03-12 17:36:31.000000 UTC,,9192303,true,,0
450751,,,1232993589,2009-01-26 18:13:09.000000 UTC,,450681,true,,0
6958162,,,1387858063,2013-12-24 04:07:43.000000 UTC,,6958092,true,,0
8661143,,,1416977637,2014-11-26 04:53:57.000000 UTC,,8660565,true,,0
10250255,,,1442807365,2015-09-21 03:49:25.000000 UTC,,10250197,true,,0
4695202,,,1351115000,2012-10-24 21:43:20.000000 UTC,,4695127,true,,0
3000714,,,1316100374,2011-09-15 15:26:14.000000 UTC,,3000701,true,,0
3926709,,,1336097824,2012-05-04 02:17:04.000000 UTC,,3925817,true,,0
6230429,,,1376775042,2013-08-17 21:30:42.000000 UTC,,6229895,true,,0
1835511,,,1288119331,2010-10-26 18:55:31.000000 UTC,,1833142,true,,0
3393769,,,1324929312,2011-12-26 19:55:12.000000 UTC,,3393766,true,,0
9957972,,,1438030849,2015-07-27 21:00:49.000000 UTC,,9957964,true,,0
3283488,,,1322429698,2011-11-27 21:34:58.000000 UTC,,3283442,true,,0
4142526,,,1340293289,2012-06-21 15:41:29.000000 UTC,,4141392,true,,0
8370340,,,1411686456,2014-09-25 23:07:36.000000 UTC,,8370239,true,,0
854721,,,1254397129,2009-10-01 11:38:49.000000 UTC,,854693,true,,0
7072632,,,1389907264,2014-01-16 21:21:04.000000 UTC,,7072570,true,,0
6582777,,,1382321324,2013-10-21 02:08:44.000000 UTC,,6582459,true,,0
1385101,,,1274998637,2010-05-27 22:17:17.000000 UTC,,1384973,true,,0
10378041,,,1444701248,2015-10-13 01:54:08.000000 UTC,,10377984,true,,0
7254845,,,1392674885,2014-02-17 22:08:05.000000 UTC,,7254693,true,,0
776690,,,1250813570,2009-08-21 00:12:50.000000 UTC,,776637,true,,0
1655112,,,1283395894,2010-09-02 02:51:34.000000 UTC,,1654074,true,,0
5509213,,,1365377746,2013-04-07 23:35:46.000000 UTC,,5509167,true,,0
1228468,,,1269926880,2010-03-30 05:28:00.000000 UTC,,1228174,true,,0
5410870,,,1363818251,2013-03-20 22:24:11.000000 UTC,,5410685,true,true,0
4489080,,,1347026807,2012-09-07 14:06:47.000000 UTC,,4489056,true,,0
8088105,,,1406329168,2014-07-25 22:59:28.000000 UTC,,8087398,true,,0
2853366,,,1312617371,2011-08-06 07:56:11.000000 UTC,,2853046,true,,0
6297439,,,1377799551,2013-08-29 18:05:51.000000 UTC,,6297109,true,,0
3341357,,,1323643122,2011-12-11 22:38:42.000000 UTC,,3341183,true,,0
202218,,,1211989061,2008-05-28 15:37:41.000000 UTC,,202203,true,,0
2858690,,,1312775661,2011-08-08 03:54:21.000000 UTC,,2858618,true,,0
9521006,,,1431285655,2015-05-10 19:20:55.000000 UTC,,9520391,true,,0
780039,,,1250990265,2009-08-23 01:17:45.000000 UTC,,779916,true,,0
5083824,,,1358613685,2013-01-19 16:41:25.000000 UTC,,5083788,true,,0
2991562,,,1315923792,2011-09-13 14:23:12.000000 UTC,,2991493,true,,0
6676783,,,1383675030,2013-11-05 18:10:30.000000 UTC,,6676545,true,,0
334735,,,1224180716,2008-10-16 18:11:56.000000 UTC,,334691,true,,0
3154966,,,1319564115,2011-10-25 17:35:15.000000 UTC,,3154707,true,,0
10160099,,,1441209435,2015-09-02 15:57:15.000000 UTC,,10158804,true,,0
2715737,,,1309468022,2011-06-30 21:07:02.000000 UTC,,2715620,true,,0
7610235,,,1397842741,2014-04-18 17:39:01.000000 UTC,,7610233,true,,0
4335466,,,1344019286,2012-08-03 18:41:26.000000 UTC,,4335278,true,,0
5766675,,,1369468724,2013-05-25 07:58:44.000000 UTC,,5765290,true,,0
4826720,,,1353797652,2012-11-24 22:54:12.000000 UTC,,4825858,true,,0
681614,,,1246397084,2009-06-30 21:24:44.000000 UTC,,681436,true,,0
4023043,,,1337945743,2012-05-25 11:35:43.000000 UTC,,4022234,true,,0
10284581,,,1443305144,2015-09-26 22:05:44.000000 UTC,,10284540,true,,0
8134713,,,1407195743,2014-08-04 23:42:23.000000 UTC,,8134603,true,,0
1519289,,,1279229641,2010-07-15 21:34:01.000000 UTC,,1519177,true,,0
9862036,,,1436496274,2015-07-10 02:44:34.000000 UTC,,9861519,true,,0
5859991,,,1370929960,2013-06-11 05:52:40.000000 UTC,,5859980,true,,0
3919681,,,1335973867,2012-05-02 15:51:07.000000 UTC,,3919657,true,,0
3319732,,,1323188073,2011-12-06 16:14:33.000000 UTC,,3319288,true,,0
5960455,,,1372455094,2013-06-28 21:31:34.000000 UTC,,5959815,true,,0
4487480,,,1346986122,2012-09-07 02:48:42.000000 UTC,,4486279,true,,0
5538717,,,1365777585,2013-04-12 14:39:45.000000 UTC,,5538704,true,,0
2196074,,,1297220633,2011-02-09 03:03:53.000000 UTC,,2195063,true,,0
3912036,,,1335826932,2012-04-30 23:02:12.000000 UTC,,3911895,true,,0
4084015,,,1339161771,2012-06-08 13:22:51.000000 UTC,,4083091,true,,0
2613386,,,1307041131,2011-06-02 18:58:51.000000 UTC,,2613099,true,,0
4110183,,,1339656991,2012-06-14 06:56:31.000000 UTC,,4109199,true,,0
7128594,,,1390793392,2014-01-27 03:29:52.000000 UTC,,7128356,true,,0
3265677,,,1321973614,2011-11-22 14:53:34.000000 UTC,,3265537,true,,0
5024916,,,1357619750,2013-01-08 04:35:50.000000 UTC,,5024909,true,,0
1761224,,,1286309169,2010-10-05 20:06:09.000000 UTC,,1761206,true,,0
6439292,,,1380043272,2013-09-24 17:21:12.000000 UTC,,6439003,true,,0
8670257,,,1417166545,2014-11-28 09:22:25.000000 UTC,,8670132,true,,0
4568189,,,1348539712,2012-09-25 02:21:52.000000 UTC,,4568151,true,,0
3482560,,,1326932299,2012-01-19 00:18:19.000000 UTC,,3481811,true,,0
6496204,,,1380903149,2013-10-04 16:12:29.000000 UTC,,6496037,true,,0
9732204,,,1434553346,2015-06-17 15:02:26.000000 UTC,,9732054,true,,0
3383462,,,1324590821,2011-12-22 21:53:41.000000 UTC,,3383266,true,,0
2271491,,,1298906752,2011-02-28 15:25:52.000000 UTC,,2271476,true,,0
234915,,,1215061709,2008-07-03 05:08:29.000000 UTC,,234898,true,,0
4989116,,,1356955922,2012-12-31 12:12:02.000000 UTC,,4987947,true,,0
7816468,,,1401374936,2014-05-29 14:48:56.000000 UTC,,7816173,true,,0
4915804,,,1355409514,2012-12-13 14:38:34.000000 UTC,,4868110,true,,0
9149795,,,1425545104,2015-03-05 08:45:04.000000 UTC,,9149772,true,,0
6610755,,,1382697542,2013-10-25 10:39:02.000000 UTC,,6610746,true,,0
1547131,,,1280117767,2010-07-26 04:16:07.000000 UTC,,1547100,true,,0
361013,,,1226440385,2008-11-11 21:53:05.000000 UTC,,361003,true,,0
7240717,,,1392408706,2014-02-14 20:11:46.000000 UTC,,7240629,true,,0
2510448,,,1304437801,2011-05-03 15:50:01.000000 UTC,,2510400,true,,0
6641438,,,1383151595,2013-10-30 16:46:35.000000 UTC,,6641150,true,,0
3500765,,,1327334239,2012-01-23 15:57:19.000000 UTC,,3500760,true,,0
2697461,,,1309066486,2011-06-26 05:34:46.000000 UTC,,2697438,true,,0
9184687,,,1426089190,2015-03-11 15:53:10.000000 UTC,,9178623,true,,0
4222781,,,1341911923,2012-07-10 09:18:43.000000 UTC,,4222681,true,,0
425513,,,1231444458,2009-01-08 19:54:18.000000 UTC,,425048,true,,0
2863558,,,1312887199,2011-08-09 10:53:19.000000 UTC,,2863553,true,,0
358209,,,1226223772,2008-11-09 09:42:52.000000 UTC,,356914,true,,0
2861819,,,1312842144,2011-08-08 22:22:24.000000 UTC,,2861698,true,,0
1726312,,,1285389258,2010-09-25 04:34:18.000000 UTC,,1726189,true,,0
4610082,,,1349305604,2012-10-03 23:06:44.000000 UTC,,4610074,true,,0
3640935,,,1330381751,2012-02-27 22:29:11.000000 UTC,,3640204,true,,0
8384443,,,1412016321,2014-09-29 18:45:21.000000 UTC,,8381974,true,,0
7878955,,,1402505190,2014-06-11 16:46:30.000000 UTC,,7878272,true,,0
6578881,,,1382241427,2013-10-20 03:57:07.000000 UTC,,6578797,true,,0
3069125,,,1317696150,2011-10-04 02:42:30.000000 UTC,,3069085,true,,0
8590545,,,1415722444,2014-11-11 16:14:04.000000 UTC,,8590308,true,,0
4481890,,,1346885059,2012-09-05 22:44:19.000000 UTC,,4479630,true,,0
5739837,,,1369081779,2013-05-20 20:29:39.000000 UTC,,5739257,true,,0
9173268,,,1425928935,2015-03-09 19:22:15.000000 UTC,,9173153,true,,0
5719652,,,1368723813,2013-05-16 17:03:33.000000 UTC,,5719569,true,,0
6691041,,,1383847294,2013-11-07 18:01:34.000000 UTC,,6691030,true,,0
4752444,,,1352269358,2012-11-07 06:22:38.000000 UTC,,4752414,true,,0
5512742,,,1365438958,2013-04-08 16:35:58.000000 UTC,,5512558,true,,0
8145803,,,1407374030,2014-08-07 01:13:50.000000 UTC,,8145786,true,,0
1363425,,,1274339311,2010-05-20 07:08:31.000000 UTC,,1363424,true,,0
916172,,,1257137535,2009-11-02 04:52:15.000000 UTC,,916085,true,,0
1706727,,,1284924192,2010-09-19 19:23:12.000000 UTC,,1706714,true,,0
2824061,,,1311978010,2011-07-29 22:20:10.000000 UTC,,2822807,true,,0
2755930,,,1310496434,2011-07-12 18:47:14.000000 UTC,,2755539,true,,0
6580667,,,1382290890,2013-10-20 17:41:30.000000 UTC,,6580654,true,,0
6367877,,,1378914338,2013-09-11 15:45:38.000000 UTC,,6367634,true,,0
8380869,,,1411937386,2014-09-28 20:49:46.000000 UTC,,8380562,true,,0
1193198,,,1268668204,2010-03-15 15:50:04.000000 UTC,,1192942,true,,0
7398189,,,1394798307,2014-03-14 11:58:27.000000 UTC,,7397132,true,,0
3977982,,,1337106280,2012-05-15 18:24:40.000000 UTC,,3977721,true,,0
8459119,,,1413388776,2014-10-15 15:59:36.000000 UTC,,8459008,true,,0
2202879,,,1297360375,2011-02-10 17:52:55.000000 UTC,,2202574,true,,0
1822685,,,1287809693,2010-10-23 04:54:53.000000 UTC,,1822650,true,,0
736042,,,1249105549,2009-08-01 05:45:49.000000 UTC,,736037,true,,0
2488608,,,1303885388,2011-04-27 06:23:08.000000 UTC,,2488521,true,,0
2597210,,,1306695086,2011-05-29 18:51:26.000000 UTC,,2596887,true,,0
5301514,,,1362090160,2013-02-28 22:22:40.000000 UTC,,5301437,true,,0
1003753,,,1261164346,2009-12-18 19:25:46.000000 UTC,,1003732,true,,0
4435381,,,1345997826,2012-08-26 16:17:06.000000 UTC,,4435178,true,,0
10101506,,,1440217811,2015-08-22 04:30:11.000000 UTC,,10101043,true,,0
851613,,,1254269400,2009-09-30 00:10:00.000000 UTC,,851357,true,,0
7328584,,,1393755626,2014-03-02 10:20:26.000000 UTC,,7323663,true,true,0
790549,,,1251424412,2009-08-28 01:53:32.000000 UTC,,790545,true,true,0
809176,,,1252333570,2009-09-07 14:26:10.000000 UTC,,809155,true,,0
62729,,,1191439742,2007-10-03 19:29:02.000000 UTC,,62437,true,,0
3282772,,,1322413676,2011-11-27 17:07:56.000000 UTC,,3282711,true,,0
8212691,,,1408723729,2014-08-22 16:08:49.000000 UTC,,8210609,true,,0
1621198,,,1282329834,2010-08-20 18:43:54.000000 UTC,,1621166,true,,0
2926456,,,1314306815,2011-08-25 21:13:35.000000 UTC,,2926349,true,,0
8017331,,,1405026540,2014-07-10 21:09:00.000000 UTC,,8017019,true,,0
2852418,,,1312591270,2011-08-06 00:41:10.000000 UTC,,2852396,true,,0
2928266,,,1314362609,2011-08-26 12:43:29.000000 UTC,,2928235,true,,0
1581863,,,1281119013,2010-08-06 18:23:33.000000 UTC,,1581669,true,,0
9920721,,,1437457609,2015-07-21 05:46:49.000000 UTC,,9920698,true,,0
1945378,,,1290879613,2010-11-27 17:40:13.000000 UTC,,1942410,true,,0
4357427,,,1344452808,2012-08-08 19:06:48.000000 UTC,,4356642,true,,0
2083201,,,1294501397,2011-01-08 15:43:17.000000 UTC,,2083011,true,,0
2026179,,,1292887272,2010-12-20 23:21:12.000000 UTC,,2024881,true,,0
565326,,,1239897463,2009-04-16 15:57:43.000000 UTC,,565316,true,,0
1613370,,,1282111097,2010-08-18 05:58:17.000000 UTC,,1613349,true,,0
6983383,,,1388385339,2013-12-30 06:35:39.000000 UTC,,6983279,true,,0
8909779,,,1421630148,2015-01-19 01:15:48.000000 UTC,,8909535,true,,0
1737961,,,1285722726,2010-09-29 01:12:06.000000 UTC,,1737281,true,,0
8161382,,,1407718598,2014-08-11 00:56:38.000000 UTC,,8161342,true,,0
6907089,,,1387054686,2013-12-14 20:58:06.000000 UTC,,6904523,true,,0
6153126,,,1375559438,2013-08-03 19:50:38.000000 UTC,,6152854,true,,0
6618542,,,1382812028,2013-10-26 18:27:08.000000 UTC,,6618113,true,,0
7413219,,,1395033410,2014-03-17 05:16:50.000000 UTC,,7413056,true,,0
967081,,,1259539188,2009-11-29 23:59:48.000000 UTC,,967075,true,,0
5099726,,,1358890325,2013-01-22 21:32:05.000000 UTC,,5099695,true,,0
4674967,,,1350673588,2012-10-19 19:06:28.000000 UTC,,4674821,true,,0
8484237,,,1413835982,2014-10-20 20:13:02.000000 UTC,,8484205,true,,0
9191157,,,1426172227,2015-03-12 14:57:07.000000 UTC,,9189830,true,,0
3043198,,,1317131326,2011-09-27 13:48:46.000000 UTC,,3043135,true,,0
9809227,,,1435710013,2015-07-01 00:20:13.000000 UTC,,9809188,true,,0
5631885,,,1367327129,2013-04-30 13:05:29.000000 UTC,,5631564,true,,0
8100304,,,1406598284,2014-07-29 01:44:44.000000 UTC,,8100210,true,,0
9547277,,,1431634115,2015-05-14 20:08:35.000000 UTC,,9547232,true,,0
5871297,,,1371078346,2013-06-12 23:05:46.000000 UTC,,5871096,true,,0
2046252,,,1293561042,2010-12-28 18:30:42.000000 UTC,,2046197,true,,0
10372781,,,1444629445,2015-10-12 05:57:25.000000 UTC,,10371535,true,,0
1276645,,,1271684082,2010-04-19 13:34:42.000000 UTC,,1259722,true,,0
1326390,,,1273195653,2010-05-07 01:27:33.000000 UTC,,1326257,true,,0
525844,,,1237597398,2009-03-21 01:03:18.000000 UTC,,525830,true,,0
6815654,,,1385661324,2013-11-28 17:55:24.000000 UTC,,6815641,true,,0
2608723,,,1306954032,2011-06-01 18:47:12.000000 UTC,,2608317,true,,0
2260877,,,1298603389,2011-02-25 03:09:49.000000 UTC,,2260844,true,,0
2016815,,,1292605503,2010-12-17 17:05:03.000000 UTC,,2016756,true,,0
7981567,,,1404364856,2014-07-03 05:20:56.000000 UTC,,7981281,true,,0
3736494,,,1332362395,2012-03-21 20:39:55.000000 UTC,,3736018,true,,0
259790,,,1217286499,2008-07-28 23:08:19.000000 UTC,,259781,true,,0
8818929,,,1420024141,2014-12-31 11:09:01.000000 UTC,,8818795,true,,0
7445204,,,1395439001,2014-03-21 21:56:41.000000 UTC,,7444850,true,,0
5634987,,,1367357361,2013-04-30 21:29:21.000000 UTC,,5634135,true,,0
7972821,,,1404241656,2014-07-01 19:07:36.000000 UTC,,7972763,true,,0
2275106,,,1298982976,2011-03-01 12:36:16.000000 UTC,,2274359,true,,0
10348884,,,1444250154,2015-10-07 20:35:54.000000 UTC,,10348798,true,,0
8088618,,,1406339879,2014-07-26 01:57:59.000000 UTC,,8088598,true,,0
3613794,,,1329770236,2012-02-20 20:37:16.000000 UTC,,3613577,true,,0
2039988,,,1293336711,2010-12-26 04:11:51.000000 UTC,,2039964,true,,0
2131205,,,1295734307,2011-01-22 22:11:47.000000 UTC,,2131172,true,,0
8410021,,,1412445192,2014-10-04 17:53:12.000000 UTC,,8409986,true,,0
5676566,,,1368043858,2013-05-08 20:10:58.000000 UTC,,5676544,true,,0
6068288,,,1374207118,2013-07-19 04:11:58.000000 UTC,,6067084,true,,0
1452298,,,1277223586,2010-06-22 16:19:46.000000 UTC,,1451212,true,,0
5062339,,,1358278070,2013-01-15 19:27:50.000000 UTC,,5061935,true,,0
839275,,,1253715410,2009-09-23 14:16:50.000000 UTC,,839272,true,,0
1178417,,,1268148002,2010-03-09 15:20:02.000000 UTC,,1178336,true,,0
9200513,,,1426285876,2015-03-13 22:31:16.000000 UTC,,9200073,true,,0
2027993,,,1292944342,2010-12-21 15:12:22.000000 UTC,,2027953,true,,0
8273879,,,1409925598,2014-09-05 13:59:58.000000 UTC,,8273603,true,,0
5041678,,,1357887078,2013-01-11 06:51:18.000000 UTC,,5041062,true,,0
2770613,,,1310817820,2011-07-16 12:03:40.000000 UTC,,2767287,true,,0
6957893,,,1387851754,2013-12-24 02:22:34.000000 UTC,,6954999,true,,0
8009347,,,1404910492,2014-07-09 12:54:52.000000 UTC,,8008922,true,,0
2990058,,,1315891176,2011-09-13 05:19:36.000000 UTC,,2989503,true,,0
991132,,,1260590980,2009-12-12 04:09:40.000000 UTC,,991038,true,,0
7826821,,,1401561509,2014-05-31 18:38:29.000000 UTC,,7826808,true,,0
6265929,,,1377287812,2013-08-23 19:56:52.000000 UTC,,6265372,true,,0
225561,,,1214253363,2008-06-23 20:36:03.000000 UTC,,225548,true,,0
6403493,,,1379478703,2013-09-18 04:31:43.000000 UTC,,6402684,true,,0
7839733,,,1401799205,2014-06-03 12:40:05.000000 UTC,,7837814,true,,0
5272365,,,1361670584,2013-02-24 01:49:44.000000 UTC,,5272311,true,,0
1429414,,,1276516319,2010-06-14 11:51:59.000000 UTC,,1429386,true,,0
3706494,,,1331779299,2012-03-15 02:41:39.000000 UTC,,3705957,true,,0
1668818,,,1283866381,2010-09-07 13:33:01.000000 UTC,,1668786,true,,0
10172947,,,1441402218,2015-09-04 21:30:18.000000 UTC,,10172923,true,,0
7532428,,,1396628441,2014-04-04 16:20:41.000000 UTC,,7532183,true,,0
6247045,,,1377038169,2013-08-20 22:36:09.000000 UTC,,6247004,true,,0
2876439,,,1313137489,2011-08-12 08:24:49.000000 UTC,,2876407,true,,0
9737533,,,1434619363,2015-06-18 09:22:43.000000 UTC,,9736954,true,,0
6004090,,,1373240064,2013-07-07 23:34:24.000000 UTC,,6003100,true,,0